DS,GN,GN Number,Both sexes,Male,Female,Latitude,Longitude
Colombo,Sammanthranapura,,7829,4017,3812,6.9789432,79.8779834
Colombo,Mattakkuliya,,28003,14029,13974,6.9716722,79.8786833
Colombo,Modara,,17757,8794,8963,6.9669247,79.8711533
Colombo,Madampitiya,,12970,6505,6465,6.9616629,79.8751836
Colombo,Mahawatta,,8809,4367,4442,6.9583068,79.8730837
Colombo,Aluthmawatha,,13625,6602,7023,6.9634238,79.8646835
Colombo,Lunupokuna,,12423,6352,6071,6.9553573,79.859083
Colombo,Bloemendhal,,13802,6740,7062,6.9529494,79.8702837
Colombo,Kotahena East,,6385,3024,3361,6.9475325,79.8646835
Colombo,Kotahena West,,9409,4617,4792,6.9480592,79.8583829
Colombo,Kochchikade North,,9339,5005,4334,6.9446438,79.8534821
Colombo,Jinthupitiya,,8110,3901,4209,6.9454412,79.8597831
Colombo,Masangasweediya,,8516,4303,4213,6.9415292,79.8625834
Colombo,New Bazaar,,13436,6753,6683,6.9396483,79.8674837
Colombo,Grandpass South,,17588,8739,8849,6.9417693,79.8737836
Colombo,Grandpass North,,8904,4433,4471,6.9470657,79.8737836
Colombo,Nawagampura,,6821,3459,3362,6.9461401,79.8769335
Colombo,Maligawatta East,,11524,5774,5750,6.9345325,79.8758835
Colombo,Khettarama,,13683,6907,6776,6.9363835,79.8695837
Colombo,Aluthkade East,,10053,4987,5066,6.9362635,79.8639835
Colombo,Aluthkade West,,7517,3914,3603,6.9371739,79.8601331
Colombo,Kochchikade South,,7746,4062,3684,6.9400851,79.8569827
Colombo,Pettah,,1924,1854,70,6.9367858,79.8525385
Colombo,Fort,,1473,1065,408,6.9360701,79.8450497
Colombo,Galle Face,,3789,1880,1909,6.9285775,79.84508
Colombo,Slave Island,,3795,1868,1927,6.9257119,79.8503314
Colombo,Hunupitiya,,6883,3335,3548,6.923523,79.8562826
Colombo,Suduwella,,3915,2007,1908,6.9236429,79.8618833
Colombo,Suduwella,,3915,2007,1908,6.9224264,80.1177335
Seethawaka,Suduwella,436A,3559,1751,1808,6.9236429,79.8618833
Seethawaka,Suduwella,436A,3559,1751,1808,6.9224264,80.1177335
Colombo,Keselwatta,,7221,3637,3584,6.9335258,79.8597831
Colombo,Panchikawatta,,8467,4195,4272,6.9309682,79.8639835
Colombo,Maligawatta West,,8968,4363,4605,6.9324119,79.8695837
Colombo,Maligakanda,,8526,4530,3996,6.9284106,79.8681837
Colombo,Maradana,,4591,2424,2167,6.9224091,79.8660836
Colombo,Ibbanwala,,2617,1027,1590,6.917642,79.8597831
Colombo,Wekanda,,6839,3329,3510,6.9206384,79.8514032
Kolonnawa,Wadulla,509D,7606,3783,3823,6.9342148,79.8919811
Kolonnawa,Sedawatta,509A,6934,3501,3433,6.9538969,79.8835827
Kolonnawa,Halmulla ,509C,2308,1144,1164,6.9534897,79.8954802
Kolonnawa,Kotuvila,509,5083,2509,2574,6.9481326,79.8926809
Kolonnawa,Veheragoda,509B,2119,986,1133,6.9486598,79.8863823
Kolonnawa,Orugodawatta,510A,5900,3017,2883,6.9342148,79.8919811
Kolonnawa,Meethotamulla,510,8432,4236,4196,6.9347122,79.8842826
Kolonnawa,Welewatta,508A,4671,2374,2297,6.9428359,79.8926809
Kolonnawa,Kittampahuwa,508,5761,2884,2877,6.9436626,79.9003786
Kolonnawa,Wennawatta,507,7611,3676,3935,6.9342148,79.8919811
Kolonnawa,Maha Buthgamuwa B,506C,3703,1787,1916,6.9458433,79.9094751
Kolonnawa,Kuda Buthgamuwa,506A,4649,2242,2407,6.9383682,79.9174414
Kolonnawa,Kelanimulla,504,4040,1976,2064,6.9342148,79.8919811
Kolonnawa,Ambathale,501A,2767,1421,1346,6.9412026,79.940256
Kolonnawa,Mulleriyawa North,501,4439,2255,2184,6.9436128,79.9290642
Kolonnawa,Belagama,504A,3283,1601,1682,6.9355485,79.9234678
Kolonnawa,Kotikawatta East,505,3535,1711,1824,6.9327812,79.9178709
Kolonnawa,Maha Buthgamuwa A,506,3349,1633,1716,6.9373109,79.9129735
Kolonnawa,Maha Buthgamuwa C,506D,4103,2016,2087,6.9378983,79.9094751
Kolonnawa,Wellampitiya,511,2244,1131,1113,6.9396005,79.89618
Kolonnawa,Kuruniyawatta,510B,3603,1767,1836,6.9413998,79.8891285
Kolonnawa,Kolonnawa,512,2342,1170,1172,6.9342148,79.8919811
Kolonnawa,Dahampura,511A,5867,2867,3000,6.9342148,79.8919811
Kolonnawa,Dahampura,511A,5867,2867,3000,6.8016629,79.8779834
Moratuwa,Dahampura,548C,2748,1288,1460,6.9342148,79.8919811
Moratuwa,Dahampura,548C,2748,1288,1460,6.8016629,79.8779834
Kolonnawa,Singhapura,512B,4078,1982,2096,6.9329805,79.89618
Kolonnawa,Megoda Kolonnawa,513A,10149,4975,5174,6.9394468,79.8962439
Kolonnawa,Bopetta,513D,3221,1564,1657,6.9318358,79.9045771
Kolonnawa,Batalandahena,506B,4715,2296,2419,6.9316018,79.9091252
Kolonnawa,Kotikawatta West,505C,2946,1401,1545,6.9295457,79.921369
Kolonnawa,Mulleriyawa South,503A,4935,2382,2553,6.9339712,79.9286801
Kolonnawa,Malgama,503C,5096,2467,2629,6.9312269,79.9381577
Kolonnawa,Udumulla North,502,2643,1325,1318,6.9333765,79.9458514
Kolonnawa,Maligagodella,502B,2083,973,1110,6.9274925,79.9493483
Kolonnawa,Rajasinghagama,502C,6442,2908,3534,6.920196,79.9486489
Kolonnawa,Udumulla South,502A,2408,1148,1260,6.9180472,79.9409555
Kolonnawa,Himbutana East,503B,3879,1902,1977,6.9226063,79.9374582
Kolonnawa,Himbutana West,503,3344,1649,1695,6.9224875,79.9318623
Kolonnawa,Malpura,505A,4044,2080,1964,6.9256038,79.9227682
Kolonnawa,Gothatuwa New Town,505B,1944,939,1005,6.9247781,79.9150724
Kolonnawa,Kajugahawatta,513C,2567,1244,1323,6.9342148,79.8919811
Kolonnawa,Gothatuwa,513,2580,1241,1339,6.9342148,79.8919811
Kolonnawa,Salamulla,512A,5213,2494,2719,6.9342148,79.8919811
Kolonnawa,Wijayapura,512D,3173,1536,1637,6.9275954,79.8919811
Kolonnawa,Gajabapura,512C,2533,1243,1290,6.9342148,79.8919811
Kolonnawa,Madinnagoda,513B,3761,1941,1820,6.9342148,79.8919811
Kolonnawa,Elhena,513E,2181,1097,1084,6.9213644,79.9101748
Kolonnawa,Dodamgahahena,505D,3403,1651,1752,6.9187765,79.9129735
Kaduwela,Welivita,475,4997,2405,2592,6.9381284,79.9581592
Kaduwela,Raggahawatta,474A,4030,1930,2100,6.9338514,79.9682293
Kaduwela,Hewagama,474,4165,2064,2101,6.9313808,79.9766195
Kaduwela,Kaduwela,473A,4342,2261,2081,6.929061,79.9827754
Kaduwela,Pahala Bomiriya,472A,4224,2103,2121,6.9344434,79.9961936
Kaduwela,Ihala Bomiriya,471,4261,2041,2220,6.9399183,80.0045811
Kaduwela,Wekewatta,471A,3863,1898,1965,6.9347978,80.0129679
Kaduwela,Nawagamuwa,470,5530,2748,2782,6.9203195,80.0171609
Kaduwela,Pahala Bomiriya B,472B,4878,2456,2422,6.9239678,80.0017854
Kaduwela,Welihinda,488A,2099,1043,1056,6.9211426,79.9933976
Kaduwela,Kothalawala,473,6091,3090,3001,6.9194938,79.9780178
Kaduwela,Mahadeniya,475A,5495,2684,2811,6.9257289,79.9598383
Kaduwela,Thalahena North,478,3131,1554,1577,6.912431,79.9570411
Kaduwela,Malabe North,476B,7680,3882,3798,6.9139619,79.9668308
Kaduwela,Thunadahena,488B,4405,2284,2121,6.9038442,79.9892034
Kaduwela,Korathota,488,9178,4443,4735,6.9093747,80.0003875
Kaduwela,Nawagamuwa South,470A,2871,1320,1551,6.9030205,80.0129679
Kaduwela,Batewela,480C,1913,863,1050,6.9059029,80.0241489
Kaduwela,Ranala,469,4842,2437,2405,6.9153759,80.0339312
Kaduwela,Dedigamuwa,480A,2105,1029,1076,6.898019,80.026944
Kaduwela,Embilladeniya,480B,1876,942,934,6.890136,80.0297389
Kaduwela,Welipillewa,480,2623,1307,1316,6.8848421,80.0297389
Kaduwela,Shanthalokagama,487A,6922,3298,3624,6.892138,79.9989895
Kaduwela,Pore,489,5133,2576,2557,6.8878446,79.9836108
Kaduwela,Malabe East,476,5958,2923,3035,6.9034905,79.9724245
Kaduwela,Malabe West,476A,5141,2509,2632,6.9019012,79.9598383
Kaduwela,Thalangama North B,477A,3777,1822,1955,6.907018,79.9514464
Kaduwela,Thalahena South,478A,2793,1337,1456,6.9122534,79.9486489
Kaduwela,Muttettugoda,477B,6734,3275,3459,6.9068404,79.9430537
Kaduwela,Thalangama North A,477,9250,4524,4726,6.9168782,79.9317302
Kaduwela,Walpola,491A,8518,4102,4416,6.918308,79.9220686
Kaduwela,Kalapaluwawa,491,4287,2041,2246,6.9141883,79.9150724
Kaduwela,Kotuwegoda,491B,3087,1544,1543,6.9113627,79.9066763
Kaduwela,Subhoothipura,492,2568,1314,1254,6.9062472,79.9150724
Kaduwela,Udumulla,492C,2465,1171,1294,6.9083957,79.9227682
Kaduwela,Udumulla,492C,2465,1171,1294,6.8213838,80.0953942
Padukka,Udumulla,461B,2340,1133,1207,6.9083957,79.9227682
Padukka,Udumulla,461B,2340,1133,1207,6.8213838,80.0953942
Kaduwela,Battaramulla North,492B,2001,979,1022,6.9011316,79.9234678
Kaduwela,Batapotha,479E,7582,3761,3821,6.901428,79.9374582
Kaduwela,Pothuarawa,477C,7422,3572,3850,6.897724,79.9500477
Kaduwela,Hokandara North,494,6238,3116,3122,6.8929026,79.9724245
Kaduwela,Oruwala,487,4501,2165,2336,6.8829038,80.0003875
Kaduwela,Athurugiriya,490,5799,2783,3016,6.8723185,80.0003875
Kaduwela,Thaldiyawala,490B,3027,1458,1569,6.8720841,79.9892034
Kaduwela,Boralugoda,489A,3149,1553,1596,6.8811403,79.9794161
Kaduwela,Hokandara East,494A,5113,2548,2565,6.877024,79.9724245
Kaduwela,Arangala,494B,5512,2784,2728,6.8860799,79.9626354
Kaduwela,Evarihena,495A,2607,1245,1362,6.8832567,79.9542438
Kaduwela,Kumaragewatta,479D,5076,2480,2596,6.885066,79.9358798
Kaduwela,Jayawadanagama,479,2208,1035,1173,6.8862842,79.9409555
Kaduwela,Aruppitiya,479F,2354,1162,1192,6.8960753,79.9346603
Kaduwela,Asiri Uyana,479B,3057,1452,1605,6.8939867,79.9297637
Kaduwela,Battaramulla South,492A,1580,736,844,6.8957198,79.9178709
Kaduwela,Rajamalwatta,492D,2014,1005,1009,6.9009536,79.9150724
Kaduwela,Pahalawela,479A,4442,2109,2333,6.8905834,79.924918
Kaduwela,Wickramasinghapura,479C,3136,1532,1604,6.8809624,79.9395566
Kaduwela,Wellangiriya,495,4725,2306,2419,6.8779645,79.9542438
Kaduwela,Hokandara South,494C,5548,2737,2811,6.872908,79.9654324
Kaduwela,Athurugiriya South,490A,3718,1834,1884,6.8629701,79.9961936
Homagama,Jalthara,449,7292,3581,3711,6.8997233,80.0451095
Homagama,Henpita,451,1484,763,721,6.9038994,80.0548894
Homagama,Atigala West,446A,1501,728,773,6.8880147,80.0548894
Homagama,Atigala East,446,1921,958,963,6.8947788,80.0618743
Homagama,Batawala,450,1771,845,926,6.877427,80.0548894
Homagama,Walpita,450A,1654,816,838,6.8851342,80.0437123
Homagama,Nawalamulla,482D,3005,1481,1524,6.8732532,80.0451095
Homagama,Meegasmulla,482E,3022,1558,1464,6.8729032,80.0283415
Homagama,Habarakada North,481,2723,1356,1367,6.8793148,80.0185586
Homagama,Mullegama North,481D,1256,592,664,6.8878433,80.0150644
Homagama,Mullegama South,481A,3142,1515,1627,6.8778452,80.0115701
Homagama,Habarakada South,481B,2406,1167,1239,6.8686127,80.0129679
Homagama,Panagoda Town,482B,1755,838,917,6.8656117,80.0276427
Homagama,Henawatta,482C,6703,3272,3431,6.8625518,80.0395205
Homagama,Meegoda North,447,3060,1502,1558,6.8641948,80.0548894
Homagama,Panaluwa,447B,4725,2424,2301,6.8737188,80.0674619
Homagama,Watareka North,448B,4165,2065,2100,6.8578409,80.0674619
Homagama,Meegoda South,447A,2105,1040,1065,6.8562568,80.0548894
Homagama,Godagama North,483,1403,720,683,6.8557917,80.0325338
Homagama,Panagoda West,482,3070,1505,1565,6.8582627,80.0241489
Homagama,Panagoda East,482A,1400,1033,367,6.858146,80.0185586
Homagama,Habarakada Watta,481C,3064,1491,1573,6.8606166,80.0101724
Homagama,Homagama North,486,1800,931,869,6.8552671,80.0073768
Homagama,Homagama West,486B,3240,1588,1652,6.8551503,80.0017854
Homagama,Homagama South,486F,3128,1583,1545,6.8510363,79.9947956
Homagama,Galavilawatta North,486C,3525,1687,1838,6.8444528,79.9961936
Homagama,Homagama Town,486A,2873,1568,1305,6.8447444,80.0101724
Homagama,Homagama East,486D,2207,1040,1167,6.8499764,80.0073768
Homagama,Pitipana Town,484B,3062,1595,1467,6.8456532,80.0220526
Homagama,Godagama South,483A,3154,1527,1627,6.8478552,80.0325338
Homagama,Kurunduwatta,448C,3867,1828,2039,6.842739,80.0409178
Homagama,Kurunduwatta,448C,3867,1828,2039,6.9139148,79.8685189
Thimbirigasyaya,Kurunduwatta,,9914,4703,5211,6.842739,80.0409178
Thimbirigasyaya,Kurunduwatta,,9914,4703,5211,6.9139148,79.8685189
Homagama,Gehenuwala,447C,2035,1006,1029,6.8482038,80.049301
Homagama,Watareka South,448,6457,3111,3346,6.8418512,80.0618743
Homagama,Ovitigama,448A,4701,2325,2376,6.8362134,80.0451095
Homagama,Kandanawatta,484D,2771,1309,1462,6.8372748,80.0325338
Homagama,Kiriberiyakele,484F,3332,1585,1747,6.8371005,80.0241489
Homagama,Mawathgama,485,2472,1217,1255,6.8355165,80.0115701
Homagama,Katuwana,486E,4223,2119,2104,6.8339322,79.9989895
Homagama,Galavilawatta South,486G,3360,1630,1730,6.8364602,79.9933976
Homagama,Niyandagala,499A,3845,1738,2107,6.831113,79.9906015
Homagama,Hiripitiya,499G,4467,2179,2288,6.8334657,79.9766195
Homagama,Mambulgoda,500A,2983,1467,1516,6.8281188,79.9738229
Homagama,Kithulhena,591C,1581,768,813,6.8252997,79.9654324
Homagama,Siddamulla North,591,2429,1156,1273,6.8198953,79.9598383
Homagama,Siddamulla South,591B,2452,1183,1269,6.816547,79.9577404
Homagama,Mattegoda West,587,4931,2333,2598,6.809438,79.9654324
Homagama,Mattegoda Central 'A',587A,1894,834,1060,6.8148997,79.9738229
Homagama,Mattegoda East,587C,3594,1806,1788,6.8129898,79.9773187
Homagama,Brahmanagama,500,4655,2389,2266,6.8153539,79.9797657
Homagama,Deepangoda,590B,3278,1582,1696,6.813898,79.9892034
Homagama,Magammana West,590A,2502,1203,1299,6.8232387,79.9933976
Homagama,Magammana East,590,4039,1965,2074,6.8232387,79.9933976
Homagama,Uduwana,485A,3192,1570,1622,6.8235294,80.0073768
Homagama,Prasannapura,484G,2679,1293,1386,6.8237037,80.0157633
Homagama,Pitipana North,484,3762,1858,1904,6.8239567,80.0283101
Homagama,Suwapubudugama,484E,2127,1046,1081,6.8083609,80.0409178
Homagama,Pitipana South,484A,2888,1378,1510,6.8148261,80.0339312
Homagama,Dolahena,484C,3981,1961,2020,6.8145945,80.0227514
Homagama,Diyagama East,589,1529,749,780,6.8076665,80.0073768
Homagama,Diyagama West,589A,1942,933,1009,6.8020898,79.9933976
Homagama,Kirigampamunuwa,588,3189,1554,1635,6.8017995,79.9794161
Homagama,Mattegoda Central 'B',587B,2968,1385,1583,6.8089665,79.974522
Homagama,Siyambalagoda North,592,4087,2067,2020,6.798924,79.9682293
Homagama,Kudamaduwa,591A,3087,1535,1552,6.8013923,79.9598383
Homagama,Sangharama,591D,2129,1034,1095,6.8098802,79.9549431
Homagama,Siyambalagoda South,592A,1843,888,955,6.791054,79.9710261
Homagama,Rilawala,593A,1695,813,882,6.7885856,79.9794161
Homagama,Kahathuduwa West,602B,3225,1569,1656,6.7914021,79.9878053
Homagama,Kiriwattuduwa South,603A,2850,1368,1482,6.7931,80.005979
Homagama,Kiriwattuduwa North,603,2091,994,1097,6.8023797,80.0073768
Homagama,Moonamale - Yakahaluwa,603C,2497,1264,1233,6.8020228,80.0220526
Homagama,Kithulavila,603B,3189,1556,1633,6.7947395,80.0213538
Homagama,Kahathuduwa North,602,2681,1265,1416,6.7861749,79.9906015
Homagama,Kahathuduwa East,602C,2131,998,1133,6.7810636,79.9989895
Homagama,Kahathuduwa South,602A,3073,1502,1571,6.7783057,79.9933976
Homagama,Undurugoda,600,1315,623,692,6.7779005,79.9738229
Homagama,Wethara,593,1977,966,1011,6.7831268,79.9710261
Homagama,Ambalangoda,594,2044,986,1058,6.7750847,79.9654324
Homagama,Heraliyawala,595,954,496,458,6.7669858,79.9570411
Homagama,Palagama,599,2418,1178,1240,6.7645181,79.9654324
Homagama,Weniwelkola,601,4878,2397,2481,6.7714983,79.9836108
Seethawaka,Bollathawa,433,1700,813,887,6.9595228,80.1177335
Seethawaka,Kanampella West,425A,1799,865,934,6.9664127,80.1302969
Seethawaka,Kanampella East,425,1080,519,561,6.9654086,80.1456496
Seethawaka,Manakada,429B,598,279,319,6.964462,80.1637901
Seethawaka,Eswatta North,429,2048,980,1068,6.9659913,80.1735565
Seethawaka,Kiriwandala North,431B,3356,1694,1662,6.9557358,80.1902963
Seethawaka,Kudagama,432A,1689,788,901,6.9718751,80.2014543
Seethawaka,Weralupitiya,432H,815,405,410,6.9707524,80.2112164
Seethawaka,Seethagama,432F,2316,1052,1264,6.9627401,80.2084273
Seethawaka,Avissawella,432,2333,1150,1183,6.9543289,80.2045768
Seethawaka,Ukwatta,432C,2649,1268,1381,6.9566448,80.2021516
Seethawaka,Agra Pedesa,432G,2001,927,1074,6.9619469,80.2021516
Seethawaka,Eswatta South,429C,1631,758,873,6.9447855,80.1735565
Seethawaka,Ihala Kosgama North,428,2664,1266,1398,6.9495049,80.1456496
Seethawaka,Thawalgoda,426,1385,656,729,6.9531597,80.1302969
Seethawaka,Muruthagama,426A,1076,517,559,6.9496572,80.1212235
Seethawaka,Akaravita,434,1195,591,604,6.9501006,80.1107531
Seethawaka,Kahatapitiya,435,1152,580,572,6.9478937,80.1002814
Seethawaka,Kalu Aggala,436,1431,714,717,6.9327899,80.1065646
Seethawaka,Salawa,427A,2464,1164,1300,6.9384389,80.1233175
Seethawaka,Pahala Kosgama West,427B,1959,962,997,6.9399094,80.1302969
Seethawaka,Pahala Kosgama East,427,1830,919,911,6.9400841,80.1386714
Seethawaka,Ihala Kosgama South,428B,1307,615,692,6.9376088,80.1470451
Seethawaka,Miriswatta,428C,2095,1036,1059,6.9431992,80.1609995
Seethawaka,Aluth Ambalama,428A,1837,878,959,6.9352493,80.1609995
Seethawaka,Kiriwandala South,431E,2138,1063,1075,6.9454803,80.2070328
Seethawaka,Kotahera,432D,1725,858,867,6.9442994,80.2140053
Seethawaka,Seethawaka,432B,1877,893,984,6.9543613,80.2045514
Seethawaka,Aradhana Kanda,432E,2964,1469,1495,6.9417643,80.219583
Seethawaka,Puwakpitiya South,431C,3837,1833,2004,6.9360597,80.2000596
Seethawaka,Puwakpitiya,431,1307,623,684,6.9360019,80.1972702
Seethawaka,Egodagama,431D,1301,632,669,6.9279367,80.1916911
Seethawaka,Weragolla North,431A,1893,890,1003,6.9290015,80.1791368
Seethawaka,Hingurala,429A,2099,1076,1023,6.923471,80.1679758
Seethawaka,Kadugoda North,430,1451,694,757,6.9281899,80.1400671
Seethawaka,Mawalgama,437,2033,982,1051,6.9173611,80.128901
Seethawaka,Gira Imbula,435A,928,455,473,6.9233138,80.0967906
Seethawaka,Walawwatta,445A,1339,701,638,6.901602,80.0716523
Seethawaka,Pahala Hanwella,445,1492,755,737,6.9068979,80.0716523
Seethawaka,Hanwella Town,443B,2989,1542,1447,6.9058363,80.0842224
Seethawaka,Ihala Hanwella North,443,1510,746,764,6.9060693,80.0953942
Seethawaka,Niripola,438,1681,801,880,6.906302,80.1065646
Seethawaka,Brandigampala,440A,1173,571,602,6.9118313,80.1177335
Seethawaka,Kadugoda South,430A,1732,840,892,6.9177092,80.1456496
Seethawaka,Weragolla South,431F,1322,693,629,6.918865,80.2014543
Seethawaka,Digana,442F,1478,704,774,6.9025101,80.1791368
Seethawaka,Lahirugama,442D,2146,1040,1106,6.8994579,80.1596041
Seethawaka,Mambula,441,1128,529,599,6.9057031,80.1414627
Seethawaka,Welikanna,442,1512,705,807,6.8925199,80.144254
Seethawaka,Kahahena,441A,1627,797,830,6.9014699,80.128901
Seethawaka,Neluwattuduwa,440,666,329,337,6.8972949,80.1191296
Seethawaka,Diddeniya North,439,1717,849,868,6.8905305,80.1121493
Seethawaka,Ihala Hanwella South,443C,1041,493,548,6.8967142,80.0912049
Seethawaka,Pahathgama,443A,1857,928,929,6.8965396,80.0828258
Seethawaka,Jayaweeragoda,443D,1717,839,878,6.895012,80.0730491
Seethawaka,Koodaluvila,444D,2807,1378,1429,6.8885971,80.0828258
Seethawaka,Thunnana East,444,868,441,427,6.8861241,80.0912049
Seethawaka,Diddeniya South,439A,1233,623,610,6.879825,80.1065646
Seethawaka,Elamalawala,442B,606,303,303,6.8844611,80.1386714
Seethawaka,Ilukovita,442C,533,261,272,6.8824474,80.169371
Seethawaka,Koswatta,442E,708,343,365,6.8906212,80.1805318
Seethawaka,Koswatta,442E,708,343,365,6.9005375,79.8954802
Sri Jayawardanapura Kotte,Koswatta,520A,5707,2767,2940,6.8906212,80.1805318
Sri Jayawardanapura Kotte,Koswatta,520A,5707,2767,2940,6.9005375,79.8954802
Seethawaka,Pagngnagula,442A,767,366,401,6.8772671,80.1749516
Seethawaka,Pelpola,442G,744,361,383,6.8754545,80.1512317
Seethawaka,Kudakanda,444E,1289,600,689,6.8782986,80.0967906
Seethawaka,Thunnana West,444B,1713,838,875,6.8792449,80.0786359
Seethawaka,Mawathagama West,444C,1976,923,1053,6.8634811,80.0842224
Seethawaka,Mawathagama East,444A,914,445,469,6.8690057,80.0953942
Padukka,Pinnawala North,456,845,403,442,6.8787618,80.1191296
Padukka,Pinnawala South,456A,1518,737,781,6.8763457,80.1302969
Padukka,Waga North,457B,857,434,423,6.8765765,80.1414627
Padukka,Waga East,457,1789,882,907,6.8593428,80.1400671
Padukka,Thummodara,458A,794,389,405,6.865895,80.1690642
Padukka,Waga South,457C,970,467,503,6.8542797,80.1512317
Padukka,Siyambalawa,459B,1891,927,964,6.8382885,80.1456496
Padukka,Pahala Bope,459A,1074,500,574,6.8366502,80.1302969
Padukka,Halpe,454B,727,345,382,6.8485275,80.128901
Padukka,Waga West,457A,1339,642,697,6.8699299,80.1400671
Padukka,Uggalla,454,1878,919,959,6.858882,80.1177335
Padukka,Wewelpanawa,453A,707,335,372,6.8679427,80.1079608
Padukka,Pitumpe North,453,1438,698,740,6.8586511,80.1065646
Padukka,Pitumpe South,453B,1332,632,700,6.8525385,80.0988851
Padukka,Galagedara East,452,2790,1420,1370,6.8517182,80.0912049
Padukka,Galagedara North,452A,2391,1194,1197,6.8568945,80.0856189
Padukka,Galagedara South,452B,1247,614,633,6.8488989,80.0828258
Padukka,Padukka,461,2939,1451,1488,6.8453634,80.1037721
Padukka,Arukwatta North,460,1520,724,796,6.8465997,80.0995833
Padukka,Arukwatta South,460A,2168,1078,1090,6.8374843,80.1065646
Padukka,Ganegoda,460B,1157,545,612,6.8441846,80.1107531
Padukka,Angampitiya,454A,2157,1049,1108,6.8470031,80.1191296
Padukka,Weragala,455,1814,886,928,6.827248,80.1233175
Padukka,Angamuwa,461A,1593,803,790,6.8269035,80.1065646
Padukka,Poregedara,462A,1071,520,551,6.8225047,80.0856189
Padukka,Pahala Padukka,461C,1329,632,697,6.8416381,80.0835241
Padukka,Liyanwala,462,1175,570,605,6.8369077,80.0786359
Padukka,Kurugala,465,1469,725,744,6.8223319,80.0772392
Padukka,Madulawa South,463A,983,495,488,6.830093,80.0688587
Padukka,Madulawa North,463,1361,671,690,6.824688,80.0632713
Padukka,Horakandawala,464C,2059,1018,1041,6.8271014,80.0520952
Padukka,Dampe,464A,1498,726,772,6.8191103,80.049301
Padukka,Dampe,464A,1498,726,772,6.7701052,79.9164717
Kesbewa,Dampe,566,4165,2047,2118,6.8191103,80.049301
Kesbewa,Dampe,566,4165,2047,2118,6.7701052,79.9164717
Padukka,Beruketiya,464D,1901,940,961,6.7980749,80.0548894
Padukka,Horagala West,464B,1284,626,658,6.8048278,80.0618743
Padukka,Horagala East,464,1763,891,872,6.8155191,80.0674619
Padukka,Beliattavila,461D,753,385,368,6.810806,80.0953942
Padukka,Miriyagalla,466,1367,659,708,6.8164391,80.1121493
Padukka,Malagala,467,1755,808,947,6.7951715,80.1065646
Padukka,Kahawala,467A,932,446,486,6.7794255,80.1121493
Padukka,Yatawathura,468,764,347,417,6.7808897,80.1191296
Padukka,Mahingala,455A,621,307,314,6.8166684,80.1233175
Padukka,Ihala Bope,459,1412,690,722,6.8263552,80.144254
Padukka,Gurulana,458B,917,462,455,6.8345776,80.1582088
Padukka,Udagama,458,765,366,399,6.8283919,80.1791368
Padukka,Dambora,458C,813,398,415,6.8469706,80.1819268
Maharagama,Mirihana South,523A,6043,2971,3072,6.8762544,79.9045771
Maharagama,Mirihana North,523,6222,2953,3269,6.8796652,79.9094751
Maharagama,Madiwela,524,6244,3028,3216,6.8773153,79.9234678
Maharagama,Thalawathugoda West,493A,5492,2759,2733,6.8709078,79.9332613
Maharagama,Thalawathugoda East,493B,6217,2954,3263,6.8742177,79.9435917
Maharagama,Kalalgoda,493,4956,2383,2573,6.8699681,79.9514464
Maharagama,Kottawa East,496A,5632,2673,2959,6.8557414,79.9668308
Maharagama,Rukmale West,497,4471,2185,2286,6.8572692,79.9766195
Maharagama,Rukmale East A,497A,1259,608,651,6.8600317,79.9822126
Maharagama,Rukmale East B,497B,2697,1265,1432,6.8555047,79.9871062
Maharagama,Liyanagoda,496E,4342,2081,2261,6.8595625,79.9598383
Maharagama,Kottawa North,496C,2466,1186,1280,6.8614731,79.9563417
Maharagama,Depanama,529A,7647,3700,3947,6.8604633,79.9446302
Maharagama,Polwatta,529,3513,1667,1846,6.8617962,79.940256
Maharagama,Pamunuwa,528,4543,2294,2249,6.8589743,79.9318623
Maharagama,Thalapathpitiya,525,7086,3249,3837,6.8693785,79.9234678
Maharagama,Pragathipura,524A,5838,2867,2971,6.8764912,79.9157721
Maharagama,Udahamulla East,525A,6309,3132,3177,6.8665559,79.9150724
Maharagama,Udahamulla West,525B,4780,2309,2471,6.8639697,79.9178709
Maharagama,Pathiragoda,527A,6546,3167,3379,6.8587386,79.9206694
Maharagama,Maharagama East,527B,3695,1704,1991,6.85821,79.9269656
Maharagama,Maharagama West,527C,2464,1242,1222,6.8515684,79.9255665
Maharagama,Dambahena,528A,5233,2485,2748,6.8510984,79.9346603
Maharagama,Pannipitiya North,531,4060,1943,2117,6.8453976,79.9465508
Maharagama,Kottawa West,496D,2766,1345,1421,6.8515684,79.9570411
Maharagama,Kottawa South,496,7159,3450,3709,6.8490994,79.9654324
Maharagama,Malapalla West,498B,2692,1304,1388,6.8466887,79.9766195
Maharagama,Malapalla East,498,3648,1790,1858,6.8468057,79.9822126
Maharagama,Makumbura North,498A,3458,1680,1778,6.8387546,79.9766195
Maharagama,Makumbura South,498C,1596,768,828,6.8367566,79.9759204
Maharagama,Kottawa Town,496B,5496,2796,2700,6.8411652,79.9654324
Maharagama,Pannipitiya South,531A,2255,1056,1199,6.84863,79.9430537
Maharagama,Maharagama Town,530,5453,2675,2778,6.8510951,79.9212011
Maharagama,Godigamuwa South,532A,5194,2477,2717,6.8351143,79.9290642
Maharagama,Godigamuwa South B,532B,7328,3470,3858,6.8349969,79.9234678
Maharagama,Godigamuwa North,532,4094,1864,2230,6.8402263,79.9206694
Maharagama,Wattegedara,532C,7734,3631,4103,6.8478743,79.9177543
Maharagama,Navinna,527,4901,2316,2585,6.8533309,79.9150724
Maharagama,Wijerama,526C,3675,1967,1708,6.8551817,79.9087754
Maharagama,Gangodavila South B,526B,7391,2908,4483,6.8557396,79.9038774
Maharagama,Jambugasmulla,526D,3828,1815,2013,6.8660827,79.8926809
Sri Jayawardanapura Kotte,Obsekarapura,514C,11963,5925,6038,6.9168326,79.8909959
Sri Jayawardanapura Kotte,Welikada West,514A,7004,3195,3809,6.9197426,79.89618
Sri Jayawardanapura Kotte,Welikada East,514,6749,3183,3566,6.9138311,79.8982793
Sri Jayawardanapura Kotte,Rajagiriya,514B,3591,1878,1713,6.9094108,79.8942538
Sri Jayawardanapura Kotte,Welikada North,514D,4834,2389,2445,6.9076818,79.8891817
Sri Jayawardanapura Kotte,Nawala West,520,4059,2032,2027,6.8950662,79.8870821
Sri Jayawardanapura Kotte,Ethulkotte West,521A,3371,1664,1707,6.8980694,79.9038774
Sri Jayawardanapura Kotte,Ethulkotte,521,5929,2877,3052,6.8981882,79.9094751
Sri Jayawardanapura Kotte,Pitakotte East,522A,3984,1912,2072,6.8876623,79.9122738
Sri Jayawardanapura Kotte,Pitakotte,522B,3634,1753,1881,6.8808992,79.9052768
Sri Jayawardanapura Kotte,Pitakotte West,522,5301,2439,2862,6.8900117,79.8982793
Sri Jayawardanapura Kotte,Nawala East,520B,5473,2573,2900,6.8898929,79.8926809
Sri Jayawardanapura Kotte,Nugegoda West,519B,5627,2635,2992,6.8805433,79.8884819
Sri Jayawardanapura Kotte,Pagoda,519A,5446,2537,2909,6.8820145,79.8954802
Sri Jayawardanapura Kotte,Nugegoda,519,3365,1678,1687,6.8746946,79.8933807
Sri Jayawardanapura Kotte,Pagoda East,519C,5944,2902,3042,6.8708747,79.9003786
Sri Jayawardanapura Kotte,Gangodavila North,526,5352,2493,2859,6.8662011,79.8982793
Sri Jayawardanapura Kotte,Gangodavila South,526A,7305,3554,3751,6.8637334,79.9066763
Sri Jayawardanapura Kotte,Gangodavila East,526C,3287,1606,1681,6.8658207,79.9115741
Thimbirigasyaya,Kollupitiya,,6711,3549,3162,6.9128154,79.8506815
Thimbirigasyaya,Bambalapitiya,,7564,3621,3943,6.904361,79.8540397
Thimbirigasyaya,Kuppiyawatta West,,6954,3468,3486,6.9244694,79.8695837
Thimbirigasyaya,Kuppiyawatta East,,10577,5498,5079,6.9258829,79.8737836
Thimbirigasyaya,Dematagoda,,18602,9356,9246,6.9352993,79.8807831
Thimbirigasyaya,Wanathamulla,,17355,8547,8808,6.9267093,79.881483
Thimbirigasyaya,Borella North,,21326,13617,7709,6.9187673,79.881483
Thimbirigasyaya,Borella South,,5127,2566,2561,6.9134135,79.8786833
Thimbirigasyaya,Gothamipura,,6498,3213,3285,6.9082392,79.8842826
Thimbirigasyaya,Narahenpita,,11194,5503,5691,6.8975934,79.881483
Thimbirigasyaya,Thimbirigasyaya,,12675,5949,6726,6.9113085,79.8774776
Thimbirigasyaya,Milagiriya,,7389,3214,4175,6.8908919,79.8585318
Thimbirigasyaya,Havelock Town,,7455,3464,3991,6.8866519,79.8646835
Thimbirigasyaya,Kirula,,20237,9576,10661,6.8923337,79.8769706
Thimbirigasyaya,Kirulapone,,17846,8818,9028,6.8814717,79.8763476
Thimbirigasyaya,Wellawatta North,,14967,7131,7836,6.8786556,79.8618833
Thimbirigasyaya,Wellawatta South,,10826,5059,5767,6.8654301,79.8618833
Thimbirigasyaya,Pamankada West,,12451,5658,6793,6.8734246,79.8646835
Thimbirigasyaya,Pamankada East,,12389,6150,6239,6.8763077,79.8758835
Dehiwala,Sri Saranankara,538C,6367,3111,3256,6.8688699,79.8681837
Dehiwala,Vilawala,537,6334,3095,3239,6.8709577,79.8730837
Dehiwala,Dutugemunu,537A,4806,2388,2418,6.8684907,79.881483
Dehiwala,Kohuwala,537B,5475,2567,2908,6.8624842,79.8854983
Dehiwala,Kalubovila,538,5517,2674,2843,6.8580211,79.8765701
Dehiwala,Hathbodhiya,538B,6228,3049,3179,6.866517,79.8686086
Dehiwala,Galwala,538A,5671,2814,2857,6.860965,79.8695837
Dehiwala,Dehiwala West,540A,5184,2499,2685,6.857496,79.8618833
Dehiwala,Dehiwala East,540,6767,3262,3505,6.8582907,79.8681837
Dehiwala,Udyanaya,536A,5914,2891,3023,6.855148,79.8758835
Dehiwala,Nedimala,536,9058,4356,4702,6.8552665,79.881483
Dehiwala,Malwatta,539/42A,3543,1714,1829,6.8523851,79.8702837
Dehiwala,Jayathilaka,540B,4374,2108,2266,6.8516203,79.8653836
Dehiwala,Karagampitiya,539/42,5633,2826,2807,6.847802,79.8723837
Dehiwala,Kawdana East,539/42B,8091,3847,4244,6.8446891,79.881483
Ratmalana,Mount Lavinia,541,8373,4255,4118,6.8195453,79.8800832
Ratmalana,Kawdana West,539/42C,6624,3199,3425,6.8451283,79.8709837
Ratmalana,Watarappala,544,6311,3116,3195,6.8388036,79.8704443
Ratmalana,Wathumulla,544A,4608,2210,2398,6.8312336,79.8702837
Ratmalana,Katukurunduwatta,545A,12166,5944,6222,6.832703,79.8772834
Ratmalana,Attidiya North,543,8854,4284,4570,6.8368753,79.8870821
Ratmalana,Attidiya South,543B,7683,3686,3997,6.8261828,79.881483
Ratmalana,Piriwena,545,5018,2380,2638,6.8268704,79.8705901
Ratmalana,Wedikanda,546A,7585,3635,3950,6.8258287,79.8646835
Ratmalana,Vihara,546B,6443,3097,3346,6.8179585,79.8674837
Ratmalana,Rathmalana West,546,5736,2847,2889,6.8100891,79.8702837
Ratmalana,Rathmalana East,546C,6564,3408,3156,6.8128496,79.8758835
Ratmalana,Kandawala,543A,9541,4725,4816,6.8223652,79.8884819
Moratuwa,Angulana North,547,4201,2107,2094,6.8028664,79.8723837
Moratuwa,Kaldemulla,548,4805,2299,2506,6.8056265,79.8779834
Moratuwa,Soysapura North,548A,2898,1339,1559,6.8047311,79.8825329
Moratuwa,Soysapura South,548B,2711,1305,1406,6.8034246,79.8832328
Moratuwa,Thelawala North,549B,5385,2696,2689,6.8106185,79.8954802
Moratuwa,Borupana,549A,5918,2913,3005,6.8139074,79.8947804
Moratuwa,Thelawala South,549,3916,1826,2090,6.804599,79.8919811
Moratuwa,Lakshapathiya North,550A,4481,2168,2313,6.7998133,79.8842826
Moratuwa,Lakshapathiya Central,550B,3049,1508,1541,6.7950574,79.8779834
Moratuwa,Angulana South,547A,3333,1681,1652,6.7976114,79.8737836
Moratuwa,Uyana South,552A,4464,2186,2278,6.7838443,79.8786833
Moratuwa,Uyana North,552B,3783,1862,1921,6.7917109,79.8758835
Moratuwa,Rawathawatta South,557B,2144,973,1171,6.786016,79.887782
Moratuwa,Rawathawatta East,557,4033,1941,2092,6.791329,79.8891817
Moratuwa,Lakshapathiya South,550,5380,2564,2816,6.7951748,79.8835827
Moratuwa,Kuduwamulla,551B,3194,1618,1576,6.794881,79.8910947
Moratuwa,Katubedda,551,10596,5500,5096,6.8014572,79.8996789
Moratuwa,Molpe,551A,7487,3956,3531,6.7922385,79.9010784
Moratuwa,Moratumulla North,551C,3255,1590,1665,6.7900959,79.8933807
Moratuwa,Kadalana,558A,3544,1711,1833,6.7820827,79.8891817
Moratuwa,Rawathawatta West,557A,3375,1554,1821,6.7918869,79.8842826
Moratuwa,Idama,552,2826,1277,1549,6.7786784,79.8842826
Moratuwa,Uswatta,553C,2174,1019,1155,6.7739537,79.8793833
Moratuwa,Moratuwella South,553,4524,2111,2413,6.7681136,79.8842826
Moratuwa,Indibedda West,559,4437,2209,2228,6.7783251,79.8989791
Moratuwa,Moratumulla East,558,3854,1899,1955,6.7835499,79.89618
Moratuwa,Moratumulla West,558B,3630,1759,1871,6.7808497,79.8933807
Moratuwa,Villorawatta East,560/61,3678,1767,1911,6.787013,79.9038774
Moratuwa,Villorawatta West,560/61A,4689,2303,2386,6.7849585,79.9003786
Moratuwa,Indibedda East,559A,3592,1779,1813,6.7738048,79.9038774
Moratuwa,Moratuwella North,553A,2236,1091,1145,6.7733958,79.8842826
Moratuwa,Moratuwella West,553B,2394,1211,1183,6.7660598,79.8807831
Moratuwa,Koralawella North,554,5696,2785,2911,6.7601911,79.8842826
Moratuwa,Koralawella East,554B,2192,1046,1146,6.7629486,79.8898816
Moratuwa,Koralawella West,554C,3531,1719,1812,6.7556722,79.8891817
Moratuwa,Koralawella South,554A,3582,1735,1847,6.7517407,79.8905814
Moratuwa,Katukurunda North,555,3551,1722,1829,6.7471639,79.8926809
Moratuwa,Katukurunda South,555A,4399,2128,2271,6.7419419,79.8954802
Moratuwa,Egoda Uyana North,556,4603,2229,2374,6.7325805,79.8977861
Moratuwa,Egoda Uyana Central,556A,2869,1418,1451,6.7288014,79.8982793
Moratuwa,Egoda Uyana South,556B,5123,2531,2592,6.7209414,79.9010784
Kesbewa,Pepiliyana West,535,5039,2423,2616,6.8580295,79.8870821
Kesbewa,Pepiliyana East,535C,1765,850,915,6.8581479,79.8926809
Kesbewa,Divulpitiya East,535D,2328,1192,1136,6.8535936,79.89618
Kesbewa,Divulpitiya West,535B,2631,1339,1292,6.8502141,79.8926809
Kesbewa,Bellanvila,535A,3413,1689,1724,6.8481569,79.8891817
Kesbewa,Boralesgamuwa West A,533B,4466,2058,2408,6.8390204,79.8947804
Kesbewa,Boralesgamuwa West C,533F,1485,739,746,6.8430161,79.89618
Kesbewa,Rattanapitiya,533A,4768,2201,2567,6.8477468,79.9010784
Kesbewa,Egodawatta,533C,3310,1462,1848,6.8505093,79.9066763
Kesbewa,Boralesgamuwa East A,533,4842,2372,2470,6.8425172,79.9038774
Kesbewa,Boralesgamuwa West B,533E,2822,1373,1449,6.8345262,79.9010784
Kesbewa,Werahera North,577,1977,983,994,6.8292387,79.9010784
Kesbewa,Boralesgamuwa East B,533D,5204,2508,2696,6.8400498,79.9122738
Kesbewa,Neelammahara,579,3358,1649,1709,6.8322354,79.9178709
Kesbewa,Katuwawala North,578,3697,1803,1894,6.8321178,79.9122738
Kesbewa,Vishwakalawa,574B,2045,967,1078,6.80539,79.9297637
Kesbewa,Werahera South,577A,5213,2547,2666,6.8213671,79.9038774
Kesbewa,Katuwawala South,578A,1489,707,782,6.8262135,79.9143728
Kesbewa,Niwanthidiya,580A,3435,1648,1787,6.8244216,79.9234678
Kesbewa,Erewwala West,581A,6544,3135,3409,6.8246562,79.9346603
Kesbewa,Erewwala North,581D,4373,2138,2235,6.8300024,79.9374582
Kesbewa,Erewwala East,581,2542,1284,1258,6.838052,79.9430537
Kesbewa,Rathmaldeniya,581C,5440,2581,2859,6.8395208,79.9500477
Kesbewa,Mahalwarawa,581E,2773,1315,1458,6.838345,79.9570411
Kesbewa,Bangalawatta,581B,2194,1001,1193,6.8364642,79.9619361
Kesbewa,Pelenwatta East,582B,4032,1975,2057,6.8271219,79.9577404
Kesbewa,Pelenwatta North,582,4703,2276,2427,6.8250074,79.9514464
Kesbewa,Pelenwatta West,582A,5503,2682,2821,6.8235393,79.9444526
Kesbewa,Paligedara,583A,3050,1443,1607,6.8186642,79.9325618
Kesbewa,Kaliyammahara,580,3042,1493,1549,6.8191933,79.926266
Kesbewa,Bokundara,575,3633,1773,1860,6.8164327,79.9206694
Kesbewa,Thumbovila South,576B,3303,1654,1649,6.8110292,79.9150724
Kesbewa,Thumbovila North,576A,4037,1962,2075,6.813555,79.9094751
Kesbewa,Wewala West,562B,4949,2425,2524,6.8002825,79.9066763
Kesbewa,Wewala East,562,2655,1276,1379,6.8050096,79.9115741
Kesbewa,Thumbovila West,576,2697,1292,1405,6.8031593,79.9178709
Kesbewa,Mampe North,574A,4690,2301,2389,6.8086205,79.926266
Kesbewa,Makuludoowa,583,3257,1556,1701,6.8140823,79.9346603
Kesbewa,Gorakapitiya,584,1749,827,922,6.8143746,79.9486489
Kesbewa,Nampamunuwa,584A,3385,1643,1742,6.8090297,79.9458514
Kesbewa,Mavittara North,586A,2761,1338,1423,6.8062699,79.940256
Kesbewa,Mampe East,574D,2040,984,1056,6.8041563,79.9339608
Kesbewa,Bodhirajapura,577B,2303,1155,1148,6.828343,79.9056267
Kesbewa,Mampe West,574,3055,1506,1549,6.8007506,79.9290642
Kesbewa,Mampe South,574C,2070,985,1085,6.7961115,79.9283647
Kesbewa,Kolamunna,563/73A,3633,1723,1910,6.7953487,79.9234678
Kesbewa,Suwarapola East,562A,2779,1298,1481,6.7978742,79.9178709
Kesbewa,Suwarapola West,562C,1387,679,708,6.7957315,79.9101748
Kesbewa,Hedigama,563/73,4294,2104,2190,6.789772,79.9094751
Kesbewa,Batakettara North,565,5847,2853,2994,6.7860718,79.9220686
Kesbewa,Kesbewa North,572,4279,2014,2265,6.7955822,79.9346603
Kesbewa,Kesbewa East,572B,2019,980,1039,6.7930564,79.940256
Kesbewa,Mavittara South,586,1880,902,978,6.8009842,79.940256
Kesbewa,Honnanthara North,585,3522,1716,1806,6.803802,79.9486489
Kesbewa,Honnanthara South,585A,3939,1853,2086,6.7932312,79.9486489
Kesbewa,Makandana East,569,4947,2419,2528,6.7825458,79.9430537
Kesbewa,Kesbewa South,572A,6316,3130,3186,6.7850714,79.9374582
Kesbewa,Batakettara South,565A,6628,3320,3308,6.7795545,79.926266
Kesbewa,Madapatha,567,3799,1888,1911,6.7690465,79.9290642
Kesbewa,Delthara West,564,2084,1039,1045,6.784488,79.9094751
Kesbewa,Delthara East,564A,1524,754,770,6.7766797,79.9150724
Kesbewa,Makandana West,569A,4434,2150,2284,6.7719205,79.940256
Kesbewa,Nivungama,568A,2196,1078,1118,6.7780533,79.9493483
Kesbewa,Halpita,570/571,5487,2659,2828,6.7814864,79.9556424
Kesbewa,Horathuduwa,570/71A,1604,754,850,6.7716049,79.8933807
Kesbewa,Morenda,568,1300,629,671,6.771507,79.9521458
Kesbewa,Batuwandara North,596,1545,717,828,6.7694533,79.9486489
Kesbewa,Batuwandara South,596A,1481,734,747,6.7647873,79.9465508
Kesbewa,Jamburaliya,597,3184,1602,1582,6.7587722,79.9430537
Kesbewa,Polhena,598B,2339,1117,1222,6.7612391,79.9346603
Kesbewa,Regidel Watta,598A,1270,638,632,6.7559572,79.9346603
Kesbewa,Kahapola,598,3283,1615,1668,6.7558411,79.9290642
